am-our.com,1,
ameblo.jp,1,
b.ibbs.info,1,
bannch.com,3,
bbs.mottoki.com,1,bbs
bbs7.meiwasuisan.com,1,
blog.goo.ne.jp,1,
blog.kuruten.jp,1,
blog.livedoor.jp,1,
blogs.yahoo.co.jp,1,
ch.nicovideo.jp,1,
cp.atrct.tv,2,
d.hatena.ne.jp,1,
fanblogs.jp,1,
free.jikkyo.org,4,
girlsnews.tv,1,
ibbs.info,1,id
jbbs.shitaraba.net,5,
lineblog.me,1,
lyze.jp,1,
mbbs.tv,1,id
mblg.tv,1,
mdpr.jp,1,
nanos.jp,1,
ncode.syosetu.com,1,
novel.syosetu.org,1,
novel18.syosetu.com,1,
plaza.rakuten.co.jp,1,
rank.log2.jp,1,
rara.jp,1,
s1.ibbs.info,1,id
s2.ibbs.info,1,id
seesaawiki.jp,1,
spora.jp,1,
syosetu.org,2,
w.atwiki.jp,1,
woman.excite.co.jp,2,
www.atwiki.jp,1,
www.dclog.jp,1,
www.ebbs.jp,1,b
www.eniblo.com,1,
www.ne.jp,3,
www.nikkan-gendai.com,3,
www.plala.or.jp,1,
www.tokyo-sports.co.jp,1,
www.upp.so-net.ne.jp,1,
www.zakzak.co.jp,1,
yaplog.jp,1,
1st.geocities.jp,1,
2nd.geocities.jp,1,
3rd.geocities.jp,1,
akiba.geocities.jp,1,
anime.geocities.jp,1,
beauty.geocities.jp,1,
book.geocities.jp,1,
foodpia.geocities.jp,1,
heartland.geocities.jp,1,
ichiba.geocities.jp,1,
island.geocities.jp,1,
milky.geocities.jp,1,
motor.geocities.jp,1,
movie.geocities.jp,1,
music.geocities.jp,1,
outdoor.geocities.jp,1,
park.geocities.jp,1,
sky.geocities.jp,1,
space.geocities.jp,1,
sports.geocities.jp,1,
www.geocities.jp,1,
